{
    "loss": 0.5789601802825928,
    "accuracy": 0.8793103694915771
}